{"cameraMode":{"drawMode":0,"name":"Shaded","section":"Shading Mode"},"sceneLighting":false,"audioPlay":false,"sceneViewState":{"m_AlwaysRefresh":false,"showFog":true,"showSkybox":false,"showFlares":true,"showImageEffects":true,"showParticleSystems":true,"showVisualEffectGraphs":true,"m_FxEnabled":true},"in2DMode":false,"pivot":{"x":0.0012905597686767579,"y":0.13951191306114198,"z":0.045034050941467288},"rotation":{"x":-0.28845781087875368,"y":-0.1994687020778656,"z":0.06157404184341431,"w":-0.9344593286514282},"size":0.27943605184555056,"orthographic":false}